TimeCat,TimeGrossDistribution,percentage
<1,10928,58.53240492769148
>=12,917,4.911622924477772
6-12,2050,10.98018211033744
1-6,4775,25.575790037493306
