DistCat,TotalDistanceDistribution,percentage
>=100,868,4.64916979110873
<5,6733,36.06320299946438
5-20,6771,36.26673808248527
20-100,4298,23.02088912694162
