TimeCat,TimeNetDistribution,percentage
<1,11917,64.18376689826036
>=12,587,3.161523132439274
6-12,1933,10.41094414821996
1-6,4130,22.243765821080412
