TimeCat,TimeNetDistribution,percentage
<1,12814855,99.94437679588975
>=12,4,3.1196412849272114E-5
6-12,42,3.275623349173572E-4
1-6,7086,0.05526444536248555
